{"cameraMode":{"drawMode":0,"name":"Shaded","section":"Shading Mode"},"sceneLighting":false,"audioPlay":false,"sceneViewState":{"m_AlwaysRefresh":false,"showFog":true,"showSkybox":false,"showFlares":true,"showImageEffects":true,"showParticleSystems":true,"showVisualEffectGraphs":true,"m_FxEnabled":true},"in2DMode":false,"pivot":{"x":0.1604117900133133,"y":0.5738533735275269,"z":-1.3354140520095826},"rotation":{"x":-0.19988833367824555,"y":0.05816922336816788,"z":-0.0118861123919487,"w":-0.9780343770980835},"size":0.15795662999153138,"orthographic":false}