{"cameraMode":{"drawMode":0,"name":"Shaded","section":"Shading Mode"},"sceneLighting":false,"audioPlay":false,"sceneViewState":{"m_AlwaysRefresh":false,"showFog":true,"showSkybox":true,"showFlares":true,"showImageEffects":true,"showParticleSystems":true,"showVisualEffectGraphs":true,"m_FxEnabled":true},"in2DMode":false,"pivot":{"x":319.91546630859377,"y":37.149169921875,"z":167.16690063476563},"rotation":{"x":0.002998767653480172,"y":-0.028496015816926957,"z":0.00008548804180463776,"w":0.9995893836021423},"size":3.05881667137146,"orthographic":false}