{"cameraMode":{"drawMode":0,"name":"Shaded","section":"Shading Mode"},"sceneLighting":false,"audioPlay":false,"sceneViewState":{"m_AlwaysRefresh":false,"showFog":true,"showSkybox":false,"showFlares":true,"showImageEffects":true,"showParticleSystems":true,"showVisualEffectGraphs":true,"m_FxEnabled":true},"in2DMode":false,"pivot":{"x":316.0679931640625,"y":3.2656259536743166,"z":260.87567138671877},"rotation":{"x":0.09291419386863709,"y":-0.07460983842611313,"z":0.006972991395741701,"w":0.9928616285324097},"size":2.112610101699829,"orthographic":false}