{"cameraMode":{"drawMode":0,"name":"Shaded","section":"Shading Mode"},"sceneLighting":false,"audioPlay":false,"sceneViewState":{"m_AlwaysRefresh":false,"showFog":true,"showSkybox":false,"showFlares":true,"showImageEffects":true,"showParticleSystems":true,"showVisualEffectGraphs":true,"m_FxEnabled":true},"in2DMode":false,"pivot":{"x":0.12615948915481568,"y":-0.08497267961502075,"z":0.05048181116580963},"rotation":{"x":-0.13815805315971375,"y":-0.005045705009251833,"z":0.0007062426884658635,"w":-0.9904125332832336},"size":1.0261197090148926,"orthographic":false}