{"cameraMode":{"drawMode":0,"name":"Shaded","section":"Shading Mode"},"sceneLighting":false,"audioPlay":false,"sceneViewState":{"m_AlwaysRefresh":false,"showFog":true,"showSkybox":false,"showFlares":true,"showImageEffects":true,"showParticleSystems":true,"showVisualEffectGraphs":true,"m_FxEnabled":true},"in2DMode":false,"pivot":{"x":-7.141633033752441,"y":0.34631702303886416,"z":-3.301154136657715},"rotation":{"x":0.12454987317323685,"y":-0.49472424387931826,"z":0.07189303636550904,"w":0.8570722341537476},"size":0.5970215797424316,"orthographic":false}