{"cameraMode":{"drawMode":0,"name":"Shaded","section":"Shading Mode"},"sceneLighting":false,"audioPlay":false,"sceneViewState":{"m_AlwaysRefresh":false,"showFog":true,"showSkybox":false,"showFlares":true,"showImageEffects":true,"showParticleSystems":true,"showVisualEffectGraphs":true,"m_FxEnabled":true},"in2DMode":false,"pivot":{"x":-0.3190646171569824,"y":4.4752044677734379,"z":3.8190855979919435},"rotation":{"x":0.2103688269853592,"y":-0.32828930020332339,"z":0.07522408664226532,"w":0.9177988767623901},"size":10.004792213439942,"orthographic":false}